tipo,cenario,semente,agente,sujeira,obstaculos,inicio,sujeira_final,alcancavel,movimentos,parou,pontos1,pontos2,passos,tamanho
fixo,1,42,Simples,"0,0 0,3 3,0 3,3",,"0,0",0,0,76,-,1174,1098,80,4
fixo,1,,Com memoria,"0,0 0,3 3,0 3,3",,"0,0",0,0,15,20,1256,1241,80,4
fixo,2,42,Simples,"0,2 1,3 2,0 3,2","1,1 2,1","3,0",1,1,77,-,1009,932,80,4
fixo,2,,Com memoria,"0,2 1,3 2,0 3,2","1,1 2,1","3,0",0,0,13,18,1083,1070,80,4
fixo,3,42,Simples,"0,0 1,0 2,2 3,3","1,2 2,1","0,3",0,0,76,-,1009,933,80,4
fixo,3,,Com memoria,"0,0 1,0 2,2 3,3","1,2 2,1","0,3",0,0,19,24,1071,1052,80,4
aleatorio,1,42,Simples,"0,2 1,0 1,1 3,3","0,0 0,3","3,0",0,0,76,-,1009,933,80,4
aleatorio,1,43,Simples,"0,2 1,0 1,1 3,3","0,0 0,3","3,0",0,0,76,-,1069,993,80,4
aleatorio,1,44,Simples,"0,2 1,0 1,1 3,3","0,0 0,3","3,0",0,0,76,-,1059,983,80,4
aleatorio,1,45,Simples,"0,2 1,0 1,1 3,3","0,0 0,3","3,0",0,0,76,-,979,903,80,4
aleatorio,1,46,Simples,"0,2 1,0 1,1 3,3","0,0 0,3","3,0",0,0,76,-,1033,957,80,4
aleatorio,1,,Com memoria,"0,2 1,0 1,1 3,3","0,0 0,3","3,0",0,0,14,19,1081,1067,80,4
aleatorio,2,42,Simples,"0,0 0,1 1,0 3,0 3,3","0,2 2,1","2,2",0,0,75,-,903,828,80,4
aleatorio,2,43,Simples,"0,0 0,1 1,0 3,0 3,3","0,2 2,1","2,2",1,1,76,-,830,754,80,4
aleatorio,2,44,Simples,"0,0 0,1 1,0 3,0 3,3","0,2 2,1","2,2",0,0,75,-,997,922,80,4
aleatorio,2,45,Simples,"0,0 0,1 1,0 3,0 3,3","0,2 2,1","2,2",2,2,77,-,935,858,80,4
aleatorio,2,46,Simples,"0,0 0,1 1,0 3,0 3,3","0,2 2,1","2,2",0,0,75,-,933,858,80,4
aleatorio,2,,Com memoria,"0,0 0,1 1,0 3,0 3,3","0,2 2,1","2,2",0,0,16,22,1065,1049,80,4
aleatorio,3,42,Simples,"3,0 3,1 3,3","0,0 2,0","2,2",0,0,77,-,1018,941,80,4
aleatorio,3,43,Simples,"3,0 3,1 3,3","0,0 2,0","2,2",0,0,77,-,1090,1013,80,4
aleatorio,3,44,Simples,"3,0 3,1 3,3","0,0 2,0","2,2",0,0,77,-,1030,953,80,4
aleatorio,3,45,Simples,"3,0 3,1 3,3","0,0 2,0","2,2",0,0,77,-,1100,1023,80,4
aleatorio,3,46,Simples,"3,0 3,1 3,3","0,0 2,0","2,2",0,0,77,-,1016,939,80,4
aleatorio,3,,Com memoria,"3,0 3,1 3,3","0,0 2,0","2,2",0,0,15,19,1106,1091,80,4
aleatorio,4,42,Simples,"0,0 0,2 1,0 2,2 3,1","1,3","3,0",0,0,75,-,1050,975,80,4
aleatorio,4,43,Simples,"0,0 0,2 1,0 2,2 3,1","1,3","3,0",0,0,75,-,1094,1019,80,4
aleatorio,4,44,Simples,"0,0 0,2 1,0 2,2 3,1","1,3","3,0",0,0,75,-,1148,1073,80,4
aleatorio,4,45,Simples,"0,0 0,2 1,0 2,2 3,1","1,3","3,0",0,0,75,-,1042,967,80,4
aleatorio,4,46,Simples,"0,0 0,2 1,0 2,2 3,1","1,3","3,0",0,0,75,-,1092,1017,80,4
aleatorio,4,,Com memoria,"0,0 0,2 1,0 2,2 3,1","1,3","3,0",0,0,15,21,1150,1135,80,4
aleatorio,5,42,Simples,"0,2 0,3 1,1 3,1","2,2","0,1",0,0,76,-,1123,1047,80,4
aleatorio,5,43,Simples,"0,2 0,3 1,1 3,1","2,2","0,1",0,0,76,-,1151,1075,80,4
aleatorio,5,44,Simples,"0,2 0,3 1,1 3,1","2,2","0,1",0,0,76,-,1069,993,80,4
aleatorio,5,45,Simples,"0,2 0,3 1,1 3,1","2,2","0,1",0,0,76,-,1145,1069,80,4
aleatorio,5,46,Simples,"0,2 0,3 1,1 3,1","2,2","0,1",0,0,76,-,1139,1063,80,4
aleatorio,5,,Com memoria,"0,2 0,3 1,1 3,1","2,2","0,1",0,0,15,20,1173,1158,80,4
aleatorio,6,42,Simples,"0,3 1,1 2,1 3,1 3,2",,"2,0",0,0,75,-,1239,1164,80,4
aleatorio,6,43,Simples,"0,3 1,1 2,1 3,1 3,2",,"2,0",1,1,76,-,1137,1061,80,4
aleatorio,6,44,Simples,"0,3 1,1 2,1 3,1 3,2",,"2,0",0,0,75,-,1183,1108,80,4
aleatorio,6,45,Simples,"0,3 1,1 2,1 3,1 3,2",,"2,0",0,0,75,-,1193,1118,80,4
aleatorio,6,46,Simples,"0,3 1,1 2,1 3,1 3,2",,"2,0",0,0,75,-,1227,1152,80,4
aleatorio,6,,Com memoria,"0,3 1,1 2,1 3,1 3,2",,"2,0",0,0,16,22,1235,1219,80,4
aleatorio,7,42,Simples,"0,1 0,3 1,2 2,0 3,2",,"2,1",1,1,76,-,1109,1033,80,4
aleatorio,7,43,Simples,"0,1 0,3 1,2 2,0 3,2",,"2,1",0,0,75,-,1163,1088,80,4
aleatorio,7,44,Simples,"0,1 0,3 1,2 2,0 3,2",,"2,1",0,0,75,-,1175,1100,80,4
aleatorio,7,45,Simples,"0,1 0,3 1,2 2,0 3,2",,"2,1",0,0,75,-,1125,1050,80,4
aleatorio,7,46,Simples,"0,1 0,3 1,2 2,0 3,2",,"2,1",0,0,75,-,1207,1132,80,4
aleatorio,7,,Com memoria,"0,1 0,3 1,2 2,0 3,2",,"2,1",0,0,15,21,1223,1208,80,4
aleatorio,8,42,Simples,"0,0 0,1 3,1","2,1 2,3","3,0",0,0,77,-,1005,928,80,4
aleatorio,8,43,Simples,"0,0 0,1 3,1","2,1 2,3","3,0",0,0,77,-,1097,1020,80,4
aleatorio,8,44,Simples,"0,0 0,1 3,1","2,1 2,3","3,0",0,0,77,-,1079,1002,80,4
aleatorio,8,45,Simples,"0,0 0,1 3,1","2,1 2,3","3,0",0,0,77,-,1021,944,80,4
aleatorio,8,46,Simples,"0,0 0,1 3,1","2,1 2,3","3,0",0,0,77,-,1069,992,80,4
aleatorio,8,,Com memoria,"0,0 0,1 3,1","2,1 2,3","3,0",0,0,15,19,1091,1076,80,4
aleatorio,9,42,Simples,"0,1 0,2 0,3 3,1",,"3,0",1,1,77,-,1101,1024,80,4
aleatorio,9,43,Simples,"0,1 0,2 0,3 3,1",,"3,0",0,0,76,-,1200,1124,80,4
aleatorio,9,44,Simples,"0,1 0,2 0,3 3,1",,"3,0",0,0,76,-,1188,1112,80,4
aleatorio,9,45,Simples,"0,1 0,2 0,3 3,1",,"3,0",0,0,76,-,1108,1032,80,4
aleatorio,9,46,Simples,"0,1 0,2 0,3 3,1",,"3,0",1,1,77,-,1145,1068,80,4
aleatorio,9,,Com memoria,"0,1 0,2 0,3 3,1",,"3,0",0,0,15,20,1234,1219,80,4
aleatorio,10,42,Simples,"0,2 0,3 1,1 3,1","3,2","2,2",0,0,76,-,1101,1025,80,4
aleatorio,10,43,Simples,"0,2 0,3 1,1 3,1","3,2","2,2",1,1,77,-,1040,963,80,4
aleatorio,10,44,Simples,"0,2 0,3 1,1 3,1","3,2","2,2",0,0,76,-,1097,1021,80,4
aleatorio,10,45,Simples,"0,2 0,3 1,1 3,1","3,2","2,2",0,0,76,-,1097,1021,80,4
aleatorio,10,46,Simples,"0,2 0,3 1,1 3,1","3,2","2,2",1,1,77,-,1070,993,80,4
aleatorio,10,,Com memoria,"0,2 0,3 1,1 3,1","3,2","2,2",0,0,15,20,1151,1136,80,4
aleatorio,11,42,Simples,"1,0 2,1 3,0","0,2","0,3",0,0,77,-,1109,1032,80,4
aleatorio,11,43,Simples,"1,0 2,1 3,0","0,2","0,3",1,1,78,-,1109,1031,80,4
aleatorio,11,44,Simples,"1,0 2,1 3,0","0,2","0,3",0,0,77,-,1105,1028,80,4
aleatorio,11,45,Simples,"1,0 2,1 3,0","0,2","0,3",0,0,77,-,1127,1050,80,4
aleatorio,11,46,Simples,"1,0 2,1 3,0","0,2","0,3",0,0,77,-,1115,1038,80,4
aleatorio,11,,Com memoria,"1,0 2,1 3,0","0,2","0,3",0,0,14,18,1171,1157,80,4
aleatorio,12,42,Simples,"2,0 2,2 2,3 3,3","3,0","0,3",0,0,76,-,1147,1071,80,4
aleatorio,12,43,Simples,"2,0 2,2 2,3 3,3","3,0","0,3",0,0,76,-,1093,1017,80,4
aleatorio,12,44,Simples,"2,0 2,2 2,3 3,3","3,0","0,3",0,0,76,-,1111,1035,80,4
aleatorio,12,45,Simples,"2,0 2,2 2,3 3,3","3,0","0,3",0,0,76,-,1117,1041,80,4
aleatorio,12,46,Simples,"2,0 2,2 2,3 3,3","3,0","0,3",0,0,76,-,1137,1061,80,4
aleatorio,12,,Com memoria,"2,0 2,2 2,3 3,3","3,0","0,3",0,0,15,20,1171,1156,80,4
aleatorio,13,42,Simples,"0,0 0,3","2,2 3,1","3,2",0,0,78,-,1036,958,80,4
aleatorio,13,43,Simples,"0,0 0,3","2,2 3,1","3,2",0,0,78,-,1082,1004,80,4
aleatorio,13,44,Simples,"0,0 0,3","2,2 3,1","3,2",0,0,78,-,1050,972,80,4
aleatorio,13,45,Simples,"0,0 0,3","2,2 3,1","3,2",0,0,78,-,1058,980,80,4
aleatorio,13,46,Simples,"0,0 0,3","2,2 3,1","3,2",0,0,78,-,1054,976,80,4
aleatorio,13,,Com memoria,"0,0 0,3","2,2 3,1","3,2",0,0,14,17,1094,1080,80,4
aleatorio,14,42,Simples,"0,1 0,3 2,1 2,3","3,0","1,1",0,0,76,-,1118,1042,80,4
aleatorio,14,43,Simples,"0,1 0,3 2,1 2,3","3,0","1,1",0,0,76,-,1132,1056,80,4
aleatorio,14,44,Simples,"0,1 0,3 2,1 2,3","3,0","1,1",0,0,76,-,1102,1026,80,4
aleatorio,14,45,Simples,"0,1 0,3 2,1 2,3","3,0","1,1",0,0,76,-,1124,1048,80,4
aleatorio,14,46,Simples,"0,1 0,3 2,1 2,3","3,0","1,1",0,0,76,-,1144,1068,80,4
aleatorio,14,,Com memoria,"0,1 0,3 2,1 2,3","3,0","1,1",0,0,16,21,1160,1144,80,4
aleatorio,15,42,Simples,"0,2 1,3 2,2 3,0 3,2",,"2,0",0,0,75,-,1160,1085,80,4
aleatorio,15,43,Simples,"0,2 1,3 2,2 3,0 3,2",,"2,0",1,1,76,-,1117,1041,80,4
aleatorio,15,44,Simples,"0,2 1,3 2,2 3,0 3,2",,"2,0",0,0,75,-,1190,1115,80,4
aleatorio,15,45,Simples,"0,2 1,3 2,2 3,0 3,2",,"2,0",0,0,75,-,1166,1091,80,4
aleatorio,15,46,Simples,"0,2 1,3 2,2 3,0 3,2",,"2,0",0,0,75,-,1168,1093,80,4
aleatorio,15,,Com memoria,"0,2 1,3 2,2 3,0 3,2",,"2,0",0,0,16,22,1230,1214,80,4
aleatorio,16,42,Simples,"2,0 2,1 2,3",,"3,1",0,0,77,-,1239,1162,80,4
aleatorio,16,43,Simples,"2,0 2,1 2,3",,"3,1",0,0,77,-,1245,1168,80,4
aleatorio,16,44,Simples,"2,0 2,1 2,3",,"3,1",0,0,77,-,1231,1154,80,4
aleatorio,16,45,Simples,"2,0 2,1 2,3",,"3,1",0,0,77,-,1257,1180,80,4
aleatorio,16,46,Simples,"2,0 2,1 2,3",,"3,1",0,0,77,-,1221,1144,80,4
aleatorio,16,,Com memoria,"2,0 2,1 2,3",,"3,1",0,0,16,20,1263,1247,80,4
aleatorio,17,42,Simples,"0,2 2,0 2,1","1,1 3,0","0,1",0,0,77,-,1027,950,80,4
aleatorio,17,43,Simples,"0,2 2,0 2,1","1,1 3,0","0,1",0,0,77,-,967,890,80,4
aleatorio,17,44,Simples,"0,2 2,0 2,1","1,1 3,0","0,1",0,0,77,-,1085,1008,80,4
aleatorio,17,45,Simples,"0,2 2,0 2,1","1,1 3,0","0,1",0,0,77,-,1071,994,80,4
aleatorio,17,46,Simples,"0,2 2,0 2,1","1,1 3,0","0,1",0,0,77,-,1079,1002,80,4
aleatorio,17,,Com memoria,"0,2 2,0 2,1","1,1 3,0","0,1",0,0,15,19,1095,1080,80,4
aleatorio,18,42,Simples,"1,0 2,2",,"1,1",0,0,78,-,1224,1146,80,4
aleatorio,18,43,Simples,"1,0 2,2",,"1,1",0,0,78,-,1254,1176,80,4
aleatorio,18,44,Simples,"1,0 2,2",,"1,1",0,0,78,-,1254,1176,80,4
aleatorio,18,45,Simples,"1,0 2,2",,"1,1",0,0,78,-,1256,1178,80,4
aleatorio,18,46,Simples,"1,0 2,2",,"1,1",0,0,78,-,1244,1166,80,4
aleatorio,18,,Com memoria,"1,0 2,2",,"1,1",0,0,17,20,1252,1235,80,4
aleatorio,19,42,Simples,"1,2 3,3","2,1 3,1","2,2",0,0,78,-,1110,1032,80,4
aleatorio,19,43,Simples,"1,2 3,3","2,1 3,1","2,2",0,0,78,-,1072,994,80,4
aleatorio,19,44,Simples,"1,2 3,3","2,1 3,1","2,2",0,0,78,-,1084,1006,80,4
aleatorio,19,45,Simples,"1,2 3,3","2,1 3,1","2,2",0,0,78,-,1088,1010,80,4
aleatorio,19,46,Simples,"1,2 3,3","2,1 3,1","2,2",0,0,78,-,1088,1010,80,4
aleatorio,19,,Com memoria,"1,2 3,3","2,1 3,1","2,2",0,0,16,19,1112,1096,80,4
aleatorio,20,42,Simples,"2,3 3,0","2,0","0,1",0,0,78,-,1117,1039,80,4
aleatorio,20,43,Simples,"2,3 3,0","2,0","0,1",1,1,79,-,1102,1023,80,4
aleatorio,20,44,Simples,"2,3 3,0","2,0","0,1",1,1,79,-,1078,999,80,4
aleatorio,20,45,Simples,"2,3 3,0","2,0","0,1",0,0,78,-,1155,1077,80,4
aleatorio,20,46,Simples,"2,3 3,0","2,0","0,1",0,0,78,-,1141,1063,80,4
aleatorio,20,,Com memoria,"2,3 3,0","2,0","0,1",0,0,15,18,1187,1172,80,4
aleatorio,21,42,Simples,"0,1 0,2 1,0 1,2","2,0 3,0","1,3",0,0,76,-,981,905,80,4
aleatorio,21,43,Simples,"0,1 0,2 1,0 1,2","2,0 3,0","1,3",0,0,76,-,1037,961,80,4
aleatorio,21,44,Simples,"0,1 0,2 1,0 1,2","2,0 3,0","1,3",0,0,76,-,1051,975,80,4
aleatorio,21,45,Simples,"0,1 0,2 1,0 1,2","2,0 3,0","1,3",1,1,77,-,1027,950,80,4
aleatorio,21,46,Simples,"0,1 0,2 1,0 1,2","2,0 3,0","1,3",0,0,76,-,1009,933,80,4
aleatorio,21,,Com memoria,"0,1 0,2 1,0 1,2","2,0 3,0","1,3",0,0,13,18,1075,1062,80,4
aleatorio,22,42,Simples,"0,1 1,1 2,0 2,2",,"2,1",0,0,76,-,1173,1097,80,4
aleatorio,22,43,Simples,"0,1 1,1 2,0 2,2",,"2,1",0,0,76,-,1251,1175,80,4
aleatorio,22,44,Simples,"0,1 1,1 2,0 2,2",,"2,1",0,0,76,-,1235,1159,80,4
aleatorio,22,45,Simples,"0,1 1,1 2,0 2,2",,"2,1",0,0,76,-,1185,1109,80,4
aleatorio,22,46,Simples,"0,1 1,1 2,0 2,2",,"2,1",0,0,76,-,1211,1135,80,4
aleatorio,22,,Com memoria,"0,1 1,1 2,0 2,2",,"2,1",0,0,15,20,1243,1228,80,4
aleatorio,23,42,Simples,"0,3 2,2 3,1 3,2","0,2 1,2","0,0",0,0,76,-,994,918,80,4
aleatorio,23,43,Simples,"0,3 2,2 3,1 3,2","0,2 1,2","0,0",0,0,76,-,984,908,80,4
aleatorio,23,44,Simples,"0,3 2,2 3,1 3,2","0,2 1,2","0,0",1,1,77,-,987,910,80,4
aleatorio,23,45,Simples,"0,3 2,2 3,1 3,2","0,2 1,2","0,0",1,1,77,-,980,903,80,4
aleatorio,23,46,Simples,"0,3 2,2 3,1 3,2","0,2 1,2","0,0",1,1,77,-,962,885,80,4
aleatorio,23,,Com memoria,"0,3 2,2 3,1 3,2","0,2 1,2","0,0",0,0,17,22,1078,1061,80,4
aleatorio,24,42,Simples,"0,1 1,1","1,3 2,2","3,3",0,0,78,-,984,906,80,4
aleatorio,24,43,Simples,"0,1 1,1","1,3 2,2","3,3",0,0,78,-,1100,1022,80,4
aleatorio,24,44,Simples,"0,1 1,1","1,3 2,2","3,3",1,1,79,-,970,891,80,4
aleatorio,24,45,Simples,"0,1 1,1","1,3 2,2","3,3",0,0,78,-,1014,936,80,4
aleatorio,24,46,Simples,"0,1 1,1","1,3 2,2","3,3",0,0,78,-,1064,986,80,4
aleatorio,24,,Com memoria,"0,1 1,1","1,3 2,2","3,3",0,0,19,22,1102,1083,80,4
aleatorio,25,42,Simples,"0,3 2,2","1,3","0,1",1,1,79,-,1111,1032,80,4
aleatorio,25,43,Simples,"0,3 2,2","1,3","0,1",0,0,78,-,1174,1096,80,4
aleatorio,25,44,Simples,"0,3 2,2","1,3","0,1",0,0,78,-,1140,1062,80,4
aleatorio,25,45,Simples,"0,3 2,2","1,3","0,1",1,1,79,-,1111,1032,80,4
aleatorio,25,46,Simples,"0,3 2,2","1,3","0,1",0,0,78,-,1144,1066,80,4
aleatorio,25,,Com memoria,"0,3 2,2","1,3","0,1",0,0,15,18,1192,1177,80,4
aleatorio,26,42,Simples,"0,2 2,0 3,0 3,2 3,3",,"1,0",0,0,75,-,1129,1054,80,4
aleatorio,26,43,Simples,"0,2 2,0 3,0 3,2 3,3",,"1,0",1,1,76,-,1093,1017,80,4
aleatorio,26,44,Simples,"0,2 2,0 3,0 3,2 3,3",,"1,0",0,0,75,-,1219,1144,80,4
aleatorio,26,45,Simples,"0,2 2,0 3,0 3,2 3,3",,"1,0",0,0,75,-,1165,1090,80,4
aleatorio,26,46,Simples,"0,2 2,0 3,0 3,2 3,3",,"1,0",1,1,76,-,1026,950,80,4
aleatorio,26,,Com memoria,"0,2 2,0 3,0 3,2 3,3",,"1,0",0,0,17,23,1229,1212,80,4
aleatorio,27,42,Simples,"1,0 2,1 2,2","2,0 3,3","1,2",0,0,77,-,1076,999,80,4
aleatorio,27,43,Simples,"1,0 2,1 2,2","2,0 3,3","1,2",1,1,78,-,1020,942,80,4
aleatorio,27,44,Simples,"1,0 2,1 2,2","2,0 3,3","1,2",0,0,77,-,1082,1005,80,4
aleatorio,27,45,Simples,"1,0 2,1 2,2","2,0 3,3","1,2",0,0,77,-,1052,975,80,4
aleatorio,27,46,Simples,"1,0 2,1 2,2","2,0 3,3","1,2",1,1,78,-,1016,938,80,4
aleatorio,27,,Com memoria,"1,0 2,1 2,2","2,0 3,3","1,2",0,0,14,18,1096,1082,80,4
aleatorio,28,42,Simples,"1,2 2,1 2,2",,"2,3",0,0,77,-,1224,1147,80,4
aleatorio,28,43,Simples,"1,2 2,1 2,2",,"2,3",0,0,77,-,1258,1181,80,4
aleatorio,28,44,Simples,"1,2 2,1 2,2",,"2,3",0,0,77,-,1226,1149,80,4
aleatorio,28,45,Simples,"1,2 2,1 2,2",,"2,3",0,0,77,-,1238,1161,80,4
aleatorio,28,46,Simples,"1,2 2,1 2,2",,"2,3",0,0,77,-,1242,1165,80,4
aleatorio,28,,Com memoria,"1,2 2,1 2,2",,"2,3",0,0,15,19,1256,1241,80,4
aleatorio,29,42,Simples,"0,3 3,3","3,2","0,1",0,0,78,-,1166,1088,80,4
aleatorio,29,43,Simples,"0,3 3,3","3,2","0,1",0,0,78,-,1144,1066,80,4
aleatorio,29,44,Simples,"0,3 3,3","3,2","0,1",0,0,78,-,1176,1098,80,4
aleatorio,29,45,Simples,"0,3 3,3","3,2","0,1",0,0,78,-,1148,1070,80,4
aleatorio,29,46,Simples,"0,3 3,3","3,2","0,1",0,0,78,-,1184,1106,80,4
aleatorio,29,,Com memoria,"0,3 3,3","3,2","0,1",0,0,17,20,1192,1175,80,4
aleatorio,30,42,Simples,"0,1 1,0 2,2","0,0","0,2",0,0,77,-,1141,1064,80,4
aleatorio,30,43,Simples,"0,1 1,0 2,2","0,0","0,2",0,0,77,-,1123,1046,80,4
aleatorio,30,44,Simples,"0,1 1,0 2,2","0,0","0,2",0,0,77,-,1157,1080,80,4
aleatorio,30,45,Simples,"0,1 1,0 2,2","0,0","0,2",0,0,77,-,1129,1052,80,4
aleatorio,30,46,Simples,"0,1 1,0 2,2","0,0","0,2",0,0,77,-,1141,1064,80,4
aleatorio,30,,Com memoria,"0,1 1,0 2,2","0,0","0,2",0,0,15,19,1159,1144,80,4
